TV,Radio,Newspaper,Sales
96.93959130260347,17.29816580223555,54.31204006750389,8.72297333075043
219.60707583467115,29.82072325298037,53.793653727334394,15.65530514115498
173.04151021164813,41.44039883926193,77.00016123434048,15.019687942395889
144.65439128554908,36.501093512975594,53.88402623470262,10.594553729068533
50.41636855019473,39.11029628993688,54.67263035972781,8.737244649084381
50.41123337957754,33.92329617154618,71.83081883711232,7.610758194109597
29.566001030609662,35.098907414576615,60.93084245425901,5.837530502827121
201.6089014354837,40.6067673699427,72.44021160482238,15.733314508207156
145.17738600012916,19.563347110957427,47.40088874626636,8.386986553129208
167.94865181277808,27.97881622387423,62.262506017303124,12.849217144853062
21.58243883557634,18.564451407868038,46.28319872645155,2.83185954891258
223.69380752528858,45.46714708068231,47.30539276162848,15.324842653721696
194.4270382264098,43.93648282300012,77.00659835772326,14.132772974557078
62.406996663404996,12.183881079034558,50.00143706333935,6.451455057330419
55.910535518391725,35.56568855530066,63.84120801608764,6.999656398078617
56.24682014779606,43.27621594128986,59.570565211544874,9.865101615666186
81.97317352608559,17.138194613969407,57.32648508431126,6.423206376335148
128.92064429450343,30.734877592397293,76.77413376819199,9.347644691735793
109.16109446890646,42.93363924534026,45.86818356649723,9.552257879360635
79.20268394816313,11.991503848361539,68.46539695338073,7.764404141318865
147.46348128639457,35.27945138036408,79.01148408431698,12.325450706105809
46.898242932819706,21.23695015877653,64.81792005785684,5.216678267185174
79.39759567314795,43.246306457716216,78.07615066356483,10.016051668553104
95.19843643722697,44.8841444053044,46.93947735086804,10.688908545576695
114.29729963980695,43.94375376788153,59.84152483141048,12.42346967130917
184.3639621805726,27.444919004676976,54.2575542418642,14.496340324226537
59.710548221514784,41.057697049724894,70.82489796732169,8.148026429605578
126.68051193825792,40.44368388858096,79.64165758550308,10.645179451399017
143.32506171072885,22.00042661083827,54.129858198037525,10.035427749457746
27.089292868087515,39.89493314268877,68.12694597188742,6.966777383693888
146.5462989698162,12.098967978513791,52.07303667314285,8.614913553594437
53.50458593302437,31.72907273472006,64.99962496092067,6.190978154446596
31.04948414656601,18.873310188798378,61.43042353142943,5.0122015783866125
219.21773088123464,15.031897690782486,79.3145876030301,14.001715713630132
222.78305984157367,13.50105737718524,66.52015999891562,13.852458925187108
189.30779541399457,35.2397360333227,57.40262429745602,13.37892052528105
82.05227145701062,22.72961122825912,49.116171628055255,7.127497414031781
37.994393071959124,36.23931368065952,50.4238883714697,5.607895644824999
162.8732113444382,13.094007562042878,53.031155934283476,11.403882853236654
110.90846591716112,21.866690857854422,53.93402647917849,9.846022245950822
43.18194019845341,29.736144362374333,75.04168523600805,4.787357288642171
122.62316416268943,38.55438308584762,64.85504214754488,10.354186499477722
24.521316145429996,21.98821285291565,63.5233600803777,3.1988250390805395
210.7943136025727,32.76878731293901,49.139864289796456,14.149367762811568
72.29425808264361,41.89781896309016,75.37691720590011,9.22859517476884
158.25099433896276,32.41679790519889,70.54306347293863,11.11544555722827
83.5632880994356,18.976877563852547,47.48192633888006,6.1036308750093236
127.92248170875592,11.656467432634486,70.01579542248786,7.958129365069504
133.59461847218424,41.340470473922636,64.23254525046114,12.305696205409642
56.5555135813847,11.54655632084859,47.976732170286596,5.011310291596077
223.62456725107452,41.502028711215395,61.23218258180871,15.834337331974186
182.22577809358128,29.365693404355138,62.16130930697766,13.46790530339353
217.21932465901585,43.761276217802646,50.935263813747305,15.709119046418738
207.70874290604644,38.837291575655655,78.38857477440993,15.565282688030033
144.49290548888,45.827487279720145,75.0191330761193,14.981228754236938
213.46702463642157,23.109984722355023,68.64958627398461,15.69780248132662
36.04005368685366,37.72830894148255,61.37280374722137,5.502708416507769
58.92475140903602,24.907775067684398,59.5941470637747,7.458630436374911
26.828889809053553,27.6436342726672,68.01426604371359,6.2774897930852624
86.46282741949898,32.825441758964786,64.29920180312307,7.743406294181272
99.94939497489072,41.466066707940485,47.292013327042376,10.908694329834292
74.97020886466244,45.34132976889525,63.14009323671567,11.083377203269515
193.63821569844575,37.76639682664458,73.48540732659595,13.805713807874252
93.15278325306517,25.463614054073414,61.26524369141292,7.511802620874596
77.01095711244336,25.589630779925162,46.928871529910246,8.365749831056393
132.7399961043911,36.68913878577008,72.77699261831796,12.032948846988571
47.20276749712697,19.18107781646741,52.1880051311863,5.873482534366339
187.98773720253504,14.677641370911953,54.20345338805897,12.291809281379624
33.07183203942321,23.247237733191255,50.897663640816816,5.386964569034767
227.3082288022501,20.882088607058268,56.72357028347671,13.261619578176784
181.61091138325835,21.200415028005253,71.73765300023996,13.682657838589693
59.50656859862531,18.999632061851838,63.3823822545386,7.312529273634995
18.37565873561495,12.277470956236302,52.31182085010508,2.963375705338452
190.81173811803419,11.427375109142826,75.99961875095184,12.159839842021166
167.68992850515767,45.4690558797347,76.06128129429382,12.921520136561508
172.4056260759262,25.81483699412877,75.74436056161944,13.23090697045941
181.40345680943784,24.289865315304823,53.50562664063018,13.141329346529123
32.964106354187834,34.65561962252675,60.98362491517078,6.271248761266172
93.51735360707565,18.460711464063753,79.7716358961588,9.241724904553836
41.86852277290012,44.143637556652905,72.27483916611166,7.61920944665259
200.95471936891386,38.40071000598587,46.056293227139705,15.373538759480676
149.90017120158709,13.93832618116031,47.39520161236932,8.817080871750656
87.64818949112902,25.457085230050986,61.43038446379411,8.133173535963195
30.73157277589443,41.65705259543198,77.1045512463269,7.070020665361621
83.40813629326449,43.9600939824285,64.06230328793553,10.072970200705727
86.43152925949445,27.205793044870425,62.62300028280701,7.925088844284548
172.53315536817382,32.33073976129584,48.8126742384734,12.704512633636076
152.93598565152487,16.66289150783184,68.21865968629515,11.503508798526838
206.08759289449992,45.59001877740788,74.03803125312794,15.907377910290124
117.734557566979,18.93167671855886,58.490784264266196,7.343134134751482
42.66161496026443,43.889885272142905,72.40153715257152,9.719683922484363
169.04981519977562,33.60259737963213,79.04957821730856,14.775196140988653
179.17113685053747,32.131561500247955,52.27257936129466,11.924901884671943
136.69591536254575,28.795366736679448,63.52120301805489,11.674464307401525
181.33891261232603,18.89651039129333,55.20725612457706,11.557767021685832
122.3290824659788,16.99613392339334,73.00847554999115,9.539724241969155
128.48981937542652,18.539065938363155,65.43128647901675,9.88124742120147
108.22348280853522,17.343983001263332,67.4373010977707,8.259910662192187
22.611732083817866,38.163415022193035,73.18657841847947,5.626894009193391
40.17008480687451,23.089396596752223,59.03816063771841,4.807666060457057
23.891273632705722,12.830277947375212,77.31117040792792,3.107622969050123
152.69177655805885,44.815502317942475,63.86261612706413,12.561569174008028
84.12638837114996,41.820884562216236,50.660009763804254,9.33442978000585
125.47470014896523,43.36410514015198,69.59564895954185,11.286298511543546
210.4209022988652,45.72126457488987,73.02279953542656,17.235679628853397
70.27431558579548,16.903723247604002,56.25001103277694,7.8163344800416406
104.57052431428558,24.70809486348332,75.2727098463561,8.62473665761969
178.05683739581505,37.414170497213604,76.99624256775498,14.423588271402592
65.91112943316642,35.230323693688106,54.84703795569887,8.415214710444044
33.589022802550026,16.20174631252891,79.71995583957582,5.366027159091184
78.88808432534121,39.43574268717068,50.0530457873163,8.964994668646543
51.52401205637754,18.67786407146679,52.21095152776765,6.2308884588806315
215.1326301837338,18.65599828027407,51.58471434117852,14.136174576718323
189.24882880926435,29.647802243558814,76.56843779227704,12.720927998337345
152.05165976106915,31.61219171294378,68.13109784183865,12.995580180573882
202.7339596509651,31.16102589510717,50.45407076942401,15.149172824714194
188.30178517182145,14.011187992661196,60.59938432656588,11.264909640209929
56.920765536837024,41.598876278326344,66.75849048245703,8.37903354977123
207.22581077851626,20.122561494863582,48.037935791626296,14.017634397055769
132.02596330384205,15.345973737026426,76.16105616793831,9.44980284267415
189.1040090344289,41.995057603401094,73.38684444754203,16.195421148778408
207.9778377537117,44.343367587864336,62.883278429897665,18.454766709689334
84.90293982150982,41.06067936601731,79.1428568571228,9.148086032184697
40.63005473194238,39.21401422284322,59.805186470483505,5.767963285137337
65.72739610517938,33.79899352042966,79.74068323008473,8.564901417508505
108.13124819852997,30.135093708380786,68.61078395788768,10.513849965048475
191.35534366489878,13.853235272890496,67.44042881853873,12.071032913059994
200.4495411752755,25.13670777878152,50.941612314411636,15.008240746251195
18.6801085900905,23.88136694713222,76.14385709232346,3.506413466340968
125.93810071876375,19.91735780998745,60.14763701480565,10.184512180264656
106.06680257037505,36.192045990469325,50.81061588354328,9.332896224477658
64.48675284921848,28.205238301264853,45.54378470314672,8.67511507285764
42.719336705341064,13.644722178358442,64.80340006407107,6.789022407552437
89.0782699918324,18.528430388438377,63.6644666987182,6.813389284626474
217.94547596297534,34.78238260445181,70.42124750739438,15.234379872833255
86.0099042272188,13.472193168109538,76.43708346622662,8.036044084476229
127.65052336916264,40.67736268311178,47.89511177943464,11.02103402256849
166.87273634878335,28.179643098190496,70.84867645998075,12.533163438525593
94.61674234655169,27.668588864165343,51.6969004322349,8.557022432931227
224.09240541129253,31.593513241549065,75.30783227113217,13.95045508394452
222.1050290931755,39.746301903972736,73.93103568793029,16.54466461272042
70.80445078122003,23.008103197366975,64.13594017549116,6.434023888243348
123.06420690448887,34.59836695482313,70.10054651154056,10.521935148537796
81.25699215999026,30.657191936252264,56.16512398406795,9.695503284774912
77.84254125296286,20.172692282946688,61.68511004243507,5.886591597512258
25.05323109178003,41.63991252106604,74.0216187994086,7.710290369431755
146.97624670432003,38.78965335840317,61.266134940497125,12.174137439534455
124.22036404542462,33.91165939651073,57.69449893945555,10.476313952215582
28.159826141122732,40.655418691207885,62.49627814321056,7.513830635092848
76.52383223597458,41.24202645368906,74.25437368579009,9.77553302545233
210.56980712230057,35.66354048269772,56.89932326745472,15.803443866953426
68.20272652299843,40.17916782556489,51.21640807837818,9.420565930806836
48.0481182682214,35.281248304591855,70.16289351564347,7.0024802309998035
121.40449266309317,34.672941088786544,74.17443308732447,10.408770669272053
227.0449816801469,32.513259375352966,48.642439244028374,14.49127327986541
68.73356730479844,37.220354048473205,53.543568769009255,7.404174615488474
160.29765804271153,16.367039195786887,50.09741403958699,13.602629527814731
179.34881610348395,41.718563647882384,57.34753768769227,15.530927504453068
67.79303311598188,41.401707823857635,60.95235445747053,7.397795161126249
172.2372606194649,11.826579634513026,71.45868706110838,9.901236778903147
95.50102895592902,39.78616794482316,68.02039498783492,10.595942203753957
151.81791133337308,15.323332348317926,66.95668557524078,11.009627310383229
152.07847542099447,22.56267178449588,57.50359812065983,11.559146747229873
131.26643023951607,36.89713979583543,74.71895386858355,11.492458775377319
36.42269204458353,16.442672351295617,61.68930829241539,4.573733743204146
195.03590131094876,39.51064254657908,79.56449381813343,15.622028720727373
85.49407583248257,40.00790964631673,67.42180326800994,9.709823827909332
56.909790864128965,28.61211745500535,49.5445189030705,4.478291294020858
25.88102763700924,11.024144097260859,68.90145018505527,3.5446951647024596
143.00110760477668,20.875038474439435,56.54366134319581,9.51702602028638
161.45345263622193,32.45413483498855,69.25871732335062,12.878471880685478
20.731548778740574,45.23963484876256,47.55136841531668,9.49682729472303
126.22461211191693,32.976654798285054,51.25582658859377,11.001494282670532
65.420950539641,19.91910569535201,75.22195151348367,6.453867440614527
154.55728707817187,33.05360017879636,53.09672040722772,13.016960281910038
54.32261273516268,29.753486828026524,74.56384760855148,7.665444158941028
164.300644442015,38.172573369805136,54.93051831359524,13.550994415805011
99.53595522738442,14.55502042282624,67.72944323406651,8.393739261548848
216.62981460205077,37.51207937782118,69.53410018754604,18.02992423646512
46.478209008681965,29.798456911531467,63.14544731070586,5.435776652475447
89.81302613860004,44.6010193354507,55.84693581972494,10.541324033681027
41.358512672121414,22.79971302795788,52.585082048262585,4.473217447385572
214.06727133150602,33.00502844900157,46.268265280597404,15.484744363429654
203.98554833481086,43.5141865034016,55.798913323673474,14.74798782206808
72.11577254055663,14.398091452472842,68.09133022670116,5.990057563204055
157.71060340067672,43.69671990199943,78.12832960938658,13.522678838183605
191.18660642283885,34.94478885275855,75.76639777565943,15.544953881275694
135.40225278952553,13.181080774591534,72.06548013404264,10.447984763558699
129.9626081319938,21.36382119983325,72.85334648251612,8.845862079786952
68.69035273270616,35.65684031144938,68.50746860235503,8.425285150827195
37.02157926587594,13.164006111553887,54.262097386323305,3.5431416674264797
208.21723486826326,31.23418315218719,77.03326508084521,13.816440449573454
208.89900437007304,22.94049529904878,68.70977737908535,13.896178245565867
151.98730025347874,32.59413467363844,64.82751021051149,11.846845895792192
89.37944251426838,12.4055453868192,49.00682931631454,9.116379737067152
91.5467184350355,41.3909418959484,60.836355141986175,10.366117039547033
171.75596403147395,44.96946281812663,61.304611146307806,12.93321920555828
208.19477434390365,44.80761272052777,75.53263905519798,15.836378766180978
206.06069972604348,37.112779294176654,64.34201735061015,16.322536558161442
183.23550371308812,15.366027028585183,58.49009932375842,13.956622647858017
153.88853746624787,37.415038177108684,79.4833715635752,11.439614810056808
35.1133985474459,11.663000767703934,48.99736488508631,2.0219929167053694
51.61075323074327,11.576536658667804,59.973704676580454,6.808630596307336
208.50218673741517,22.158718692148895,46.57926856603347,13.962180754777224
146.3087468015267,27.951375983203764,71.14462505099596,10.665174707540267
19.15805228918045,37.84130036505354,77.41629463741009,6.8249876298350145
38.80329147617823,34.783667718888324,54.95731400017723,3.881929886684411
158.45952664310508,26.451184993823865,75.31362702332905,12.077742878601383
18.27761120085996,20.40429598648647,55.3860817122588,4.389852965779906
51.43603414678546,45.79906995553566,77.15910968986582,9.619161036227986
134.02542375614618,25.758963708482646,71.63945900660678,9.696060786495172
164.5044875887744,26.643684553971607,73.43271854481864,12.443934367135611
156.00255214810363,16.543196123827588,45.733830757136,9.443699208871074
64.94693598415319,38.69781516112252,78.99092456900571,8.952330562374344
168.8229562248904,35.14824612493025,70.67881892087537,12.47420247979203
67.71033072806874,18.54901340888549,55.82723855759189,5.948861809283604
86.4775957381081,13.691574701116078,74.29469220303142,6.1831157062874125
176.12802014962733,34.68552550282243,55.00954618420553,14.026280723271379
155.506844207152,33.77334362126784,75.8209351527277,13.527546392195605
197.9996640942105,20.391409397637148,49.062829742500185,12.68576016936683
157.2057847707431,44.175311034989406,69.86974640662001,13.713453265128523
138.1929016501219,16.1021320015096,64.13258637790085,8.35391859558153
37.14335807060088,25.974951516595326,48.49801335087952,5.124946674200381
95.4866944713534,43.92091879788272,53.614662754711134,10.188515241408421
73.66158407943935,25.53242882410689,45.53662207696148,9.767847618951862
69.1453950754069,33.2122607630094,61.600632384350604,6.8985414519841335
224.35394710679566,24.75556336849408,55.70453717875201,16.27152167451667
100.8905055815533,20.424953602438315,66.16218344728111,9.407123081732927
207.1167115972074,45.337615443389964,55.56277083134333,16.28148894531637
151.56941347481725,25.16762362165801,55.65715272504586,12.966996574602714
186.41532652401693,42.18288204913762,71.26040059535244,15.336368015628521
124.2114371220954,18.871406666777126,46.794627826438045,9.422764274979174
140.02283703695184,18.27997511128042,76.88190383075795,10.31365678657325
122.05701701403613,11.89280630924635,75.09968837856958,10.01769413161646
58.76723210220368,33.673505570693564,68.6067248495695,8.774315892981814
171.01005533917447,23.735274664704015,65.98139926777992,11.61798093128851
76.9764359636582,41.13897456937126,76.50904793451576,8.173653019211583
22.376869253256523,27.409667724873653,51.62362231941075,4.689302044142749
154.62105179863602,44.78358931980672,47.87971450911717,12.366967247697172
54.90686364576072,17.311945601179552,53.53075798081574,5.483628327406951
217.42363260873546,41.288673195241934,73.0691554102467,17.69887019285004
220.29139404385086,38.05854953299013,46.32039338877222,15.289530868180211
211.97462867793348,37.85935674700622,65.61480059493883,15.654139739184497
96.00678728438412,40.45189130690275,80.13940056993411,10.506339241116558
20.490713658995876,37.51194208209925,75.22050250308138,7.128570823426632
214.83902197492674,32.78033328926268,63.45488825433435,13.042192858774689
108.36040517675623,15.406695206651804,47.34016000688981,7.298792684875492
223.00081097439724,11.941668900142943,74.36434770637699,14.042778085141169
222.35469312230194,43.1217594583306,66.18404348783781,17.953670428131776
198.80571306900094,32.44442603967791,49.14564149649675,13.675738639841567
79.8881691216148,38.75845891326378,48.40377642578214,6.961777169880886
99.1873064193499,27.701434538090506,77.11886404416805,9.891597501626043
198.40699736593882,14.917517432580047,68.65584925542036,12.149856207837724
84.67269489777152,15.19402130630952,74.29089533594978,6.049188123148163
53.285005769469095,34.86334158173689,76.0400572899358,7.047040202732636
135.74298877738275,25.90373691097114,65.22638679210094,10.497525508152423
216.50735141883027,17.838417907181817,63.31411158177745,13.270746928757031
165.38474371210174,28.054968590624433,60.25104484329886,10.074188884434438
138.5660231120258,13.053733691337207,56.2565198902474,10.255871119427091
37.88887552379662,31.227196207195394,60.39777782222666,7.499993994632627
148.13503856425322,20.241668495671927,72.3405638817015,11.52925204675339
227.98246468719765,38.7943244323653,66.28770477173263,15.466624102606248
47.02388684385596,21.693704758217436,76.51681980641058,5.849409680195235
127.55238298823956,26.778227232771222,60.706976506147406,10.263060087582591
203.99272701346172,11.207880950774333,66.46955317090014,13.248609898730432
174.90963871987012,13.342885761589017,67.322025868838,12.094551518247247
165.59465125789254,24.57652382987464,65.92774011318267,11.321765949367249
166.75886148085556,27.645853098571035,69.83270881261018,12.581178116565646
93.73566609468588,31.86072123898756,53.45765808679318,9.399288994984156
79.70570364391064,21.03735651269654,63.135204969611834,8.80754725500419
189.51299000137556,35.19386420304164,48.76871305885384,14.674916721374743
189.6731417271976,40.99029614134108,58.6347987330974,15.544439362531454
201.79969662570406,38.17276971015657,62.265880815468506,15.23640604653959
211.62891363927272,12.190620769727337,68.05829393600064,14.572132782859885
126.06479671749366,27.665793848749793,78.55869305103437,11.050755877729848
123.9728191389048,14.483049262477937,66.24291754250213,8.110716323869507
187.15704360202642,19.295780056774714,71.27450584941491,14.116290272892282
155.5773208625862,45.43185702367684,62.92056529423114,14.278366323920645
166.64874816816504,15.801593555843114,67.42046190444685,10.817961980953019
186.6242593229459,28.310974186142595,47.596814007908826,12.63475369752049
206.68213727295986,32.49726627456597,54.054583645633016,14.961500709158013
89.15916889369198,35.45652046609804,57.83722888082088,9.623539864178406
97.16161061704409,30.44366879039068,61.73176609622928,9.334374997447066
37.20875499212101,11.142956744413347,46.70683584168391,4.2201788143239485
140.31584201808545,22.258791919364114,50.028848233876786,11.9422056320946
24.852110091326388,28.97167868280337,54.843863634253964,6.308193797766622
116.32581806040078,13.88411411998365,79.29795071971698,8.981296920677769
132.72904272924305,23.10700528544224,56.763414650027386,11.02373153877441
78.20463257811176,11.965429118576967,62.0678452455453,5.315607542146651
142.9884011751424,13.558105250141228,52.00263948839143,9.943210423485882
23.69350321202362,24.73200699467602,66.59945850186705,6.799171379839235
25.151429384707747,15.458322966911417,54.9800491861623,3.6849588542574017
192.33165936444124,30.72068377398069,52.386138761032626,12.888740192221697
93.88458755645787,35.00022041671802,63.28335652129846,8.807829661327604
44.251183143586275,38.90059313872881,45.293804130446816,5.918861516318742
128.38559006566786,17.825273572992835,45.36977394925273,8.324440431440028
181.13162745469424,16.678638637293346,52.81122208038539,11.410161579481723
63.14829675407792,14.47033119573745,46.3925919600289,4.126732777299576
149.81338230186515,33.13870175898165,48.902506545400335,11.798207755849035
35.37047529717321,35.59729799969023,57.02789485672406,7.371088635748812
28.20303843679658,11.908673683380036,73.35101592120941,3.1602834284551005
130.3254010608587,43.661049843153506,65.23611224659939,13.706381205932043
132.30121739079166,12.624192056166683,63.14590395366586,9.651190242757163
152.90882602896818,29.79950136906757,55.43080657692588,12.764588155517743
171.78484494955464,35.68802423272716,77.89773092403513,13.058164735379016
224.95890771757362,41.3710162434876,59.074929451549146,17.421070826325042
127.12034415332448,35.86445131784821,48.16566539121116,9.813841746879953
85.95743308919127,38.940655715749685,66.8207413673466,10.418599554217973
186.495140866257,22.71470175825249,49.10711145037637,12.750208787939158
74.8601862936956,39.400361492502576,57.25185462661956,9.381333776452212
110.65701546822993,13.612031108102098,62.96090024286687,6.977677283454192
33.903363587768425,42.20806462772451,75.87263286891819,6.538357457262632
22.597173273150904,30.02049240299614,62.47283962797218,5.978592914769988
222.14784748493025,39.487151725683525,69.81950856431459,15.504149713876956
195.18016765704863,26.676371786592334,80.04715273276727,14.490794908266135
165.3729084773483,33.389577101398025,49.728417020408955,11.23503366795515
104.26608186579806,29.276733398857573,54.770549698287084,10.08456263980807
54.09436074308307,36.478792213612145,58.98907786103715,6.2998555009676025
50.505446384674215,13.665212369273695,59.94835188456686,5.64306053153194
70.47671301924234,12.91835814806879,59.56794184934721,6.632661236401941
134.13035691593305,19.47332351375614,77.04790728999073,9.498036524542506
169.33747194284325,16.40001827197291,70.23394908523335,12.093580973128848
157.75602150320498,41.399603187386276,66.49826353599278,13.618168927952288
76.79792665979123,18.494410956267355,55.98991966876993,6.270293965798957
220.49081825319402,45.05287047925151,74.09742152458958,16.003221707000435
174.29825356452912,22.625042291165848,78.71813000427161,10.589153815755894
135.22197777967722,17.192338840673344,74.00617954576796,10.310106411266249
147.43534687329358,38.518417600701014,45.155091702739846,10.561908166427521
106.53285329087647,33.92064292008075,67.50132823045593,10.164077720602327
69.94192766479642,28.286669647505175,46.899965426761945,7.000314440443328
92.9865832848536,30.293260637910855,54.16777415574701,9.441153486586902
178.54543691786418,36.04398241735646,47.19526945224156,13.173529977183822
20.264373729275025,18.818761420728585,66.35359994381845,3.892719041065887
41.91186516392247,45.77132045359164,69.26796495493976,8.789955306942378
26.99396248643116,45.01523999135209,49.12996485991986,7.168879449739281
25.87116201370874,33.626431590777486,58.61112868318328,6.1445797906096296
199.32755833594342,17.803940027612995,61.15952511523508,13.439230011671699
167.00875826200704,34.67601130933832,58.09066636598426,11.444280248146764
118.15160821269154,13.334164155169073,49.36008001707879,8.984987106480043
38.028892802598214,11.875902827423793,59.84696221459913,4.898442961177875
121.86501981237362,19.844669386743597,71.54146728285632,8.49186414637367
118.00213999918243,27.03806578155,47.59946979157059,9.311822500271333
54.07467810384223,41.27636493983415,47.922336495683005,7.750509841461557
109.56701612276447,36.32363434879741,57.58794947262665,10.127976446068764
102.04165795320081,36.86899889411933,78.24874504898617,10.68781765462023
148.31448587531688,25.734816039127445,68.63375716464657,12.793247822802705
152.41143826972134,22.942318238398396,68.98918247487428,12.376354114496223
26.84522368046828,23.82346058075955,57.83958367749285,3.5691797222178203
96.95502565397572,45.466499687135624,65.99685985054055,11.336408438729208
150.4455760555609,12.207832618578136,45.45661767777657,10.9811277377268
124.31770945170068,41.232805513897944,67.49058083361588,12.07578616133635
199.54668718899381,31.111506840891007,77.24770055468353,15.72441947981843
157.4358741716734,26.195401213554625,66.66258608573763,13.83685599735465
51.88873952563638,36.256543880571286,75.85419049001534,8.760884720246237
32.22408632155151,27.88207984400707,70.5838515524065,6.060397927168141
153.9710643301246,41.45715565666628,49.3436562574099,13.87623038140581
22.844258014311283,42.41463542679517,76.86635641646163,7.065891404821206
141.91162125312033,25.602404533258284,47.43882332132328,10.628501025693266
217.37501839937346,20.516655682950308,63.89565503368128,13.846915353223597
139.71845246977463,31.591496533627012,50.10322675752971,12.710550170834136
99.84137728936852,42.82395343114585,45.512072697727824,9.366276995595568
154.156061706377,18.194242834098898,59.95560595649289,12.258707212536713
114.7620403856439,32.666127083078244,55.4854329094263,10.614287509518917
133.36181444536254,32.967763725247465,62.207217381675626,9.809705267624446
217.6378577885222,36.53226708677636,65.41743601305619,16.211117611356293
99.40125158778484,15.41802574796682,46.63961534527495,5.3446309534398
221.83747103811132,35.925456260341306,49.429715988355845,16.29852151453785
209.94915167244596,42.707041475363994,64.76421235505498,16.948677461248792
58.883932596641216,17.10687712134549,57.17949083167757,5.206118202948108
31.967020956322727,19.137770704828107,70.76690676174057,5.051013949489341
38.655636493254136,44.89596780086154,68.06066603043627,9.737749359107873
21.079426681214937,17.15229104010309,74.86527357724472,3.7607592053540144
37.306906344937154,40.78891677727222,69.47574749875673,6.274844357892615
162.61214206034236,28.07895276132602,60.23357392413321,13.624837260094983
32.356063257182754,19.477810711551513,68.78842510828402,6.903939926710764
85.10991168954179,41.36332153466515,54.79341733379073,9.491391756467266
197.07395370539686,26.430214450593557,55.88223515699309,14.625826868877416
22.154595118157324,28.870089122932125,72.87227762921192,6.793660136316199
190.60033994318442,23.409091265931774,60.813966977335696,12.344721230760728
77.20688154925685,31.61257488536595,73.202987986246,8.00035549035649
42.357291800650614,16.5396879277343,74.0492675531234,6.483693247023163
165.53534250602766,24.526961936476802,75.28619428567718,13.920201483371116
151.1019320794373,44.82637251396859,77.36556030161049,14.14792592157529
204.01379167990956,19.860483487809574,60.27067976206803,12.512337174515743
173.69662522584727,33.851456925399354,56.32411200490409,15.183520305629823
188.26109007893425,22.21417125428679,65.59339588011281,12.415368649165684
77.24516050043115,37.948906711599676,58.16526930500449,8.485316301110164
54.97687887070299,15.39366549121408,66.25781067136819,5.955704540573542
177.00588062433874,44.84071868225692,69.93662236506262,16.287258767458656
188.9751159900005,26.728012902565737,69.33185665092321,14.362170199327288
228.07854473194334,19.085371263460885,58.28426162310827,14.893015095767332
105.0463034144427,13.379735831283444,50.9734790997961,8.073046865964509
96.40265046528354,16.75850246857268,60.254632713869704,7.744590093042305
182.49831934197113,29.04406559431622,50.11931387168319,13.58984831848235
89.7570737198675,22.628811492738148,76.43141563847004,5.749803070342288
215.35823462099893,39.89380614247959,57.274886617972584,15.60618261858756
199.9560748673772,25.92415208052939,50.536983102261,13.842280548383801
108.53282842814141,19.529870967825808,45.99576114868243,7.148529657543793
177.06045033280978,32.46178902980145,67.83294799728424,13.842183697377878
177.84217789262885,35.60788031267914,67.51896157440696,13.598804936401375
39.15507167517005,16.66317096732334,57.08926666366147,6.521331712079556
209.35351383207973,16.68343449171995,47.62425848743732,14.661524035739584
124.76823009414879,12.087167085367359,59.518937100312165,8.171701386132256
193.1527945343382,36.64771072880398,56.05485582623145,14.292670204555243
85.33856005941725,34.09953891952536,68.93464651867232,8.981627259688453
207.85689534684107,27.459543738818464,66.4234295807347,14.015608256678973
100.06103740250333,40.430382758818816,57.93369923255341,10.399789114686245
19.50733600015552,39.07902236854686,52.769817909775654,5.180383326170385
209.95582277966122,31.345938190326,79.87886600867682,14.099346943251671
36.63493348776784,41.27632194601537,61.08085706610324,7.803707234212264
85.18187344299933,18.025026472290566,69.32725309946434,8.077670965590121
219.46819278511637,14.72837864086025,50.0474644587583,12.642881032857018
219.58426158300568,20.268211364246334,62.1927574280108,15.145244794897733
139.2849263814476,12.803748648734953,46.06929253940519,8.534429305568649
151.71814247095026,29.44405043283622,62.892020150447834,12.041317807878075
112.67405162918429,43.67485979955315,79.03341273054312,12.402200828637849
79.62457329451794,12.18095827746469,58.62407629710017,6.338193453710656
87.17268170925512,15.08605798175194,46.47265964263689,7.251433988631822
160.37917929880146,26.672185892748576,46.189643840360894,11.093540787134579
177.38053731728206,43.57901311522946,58.757133950129806,14.205604272961548
185.72717840923315,21.89707928468394,50.73287776350443,12.2848649733198
185.30970260096052,28.603941784962572,45.92199379075215,12.297740837819086
36.617779339066175,12.259207352668763,71.71871921104622,4.314409923325328
122.4620828711796,16.00684635376932,61.24000991264255,7.399970678325016
29.454260007543567,45.43071731585552,55.28141597343744,6.630259304289375
134.1946990467233,44.67566624490519,76.78292804218012,12.428084644300615
111.20184374239197,10.973393330797778,49.1880913990585,7.385013595685167
206.19222050924202,44.20859366835569,78.74834277922724,16.06393980201144
91.90980617233755,33.23310981732406,56.15162845168282,8.980069659522812
42.12356779743729,41.26393213765277,76.37180926526557,8.239449307028517
47.64292910904875,26.761368932748454,66.32358925207704,7.259272207901346
179.32561349264984,28.897420603131682,74.20009906290036,12.6902594893554
148.81862568003197,27.958514967017898,79.73726334500833,10.628327192214412
38.72901774654204,34.20693543986826,55.25187141121985,5.4201374472952235
35.10633902188295,15.701759041946584,78.93196908634727,4.416929315820824
166.43632808764664,11.852073004530997,58.809762700565194,10.331297641030226
32.6912440549368,21.6083409498508,58.67001904673967,4.198800612469256
192.17400662291683,35.5342947720563,57.0816260697586,13.007645665496751
167.55897016161802,17.885056169515487,64.157547778635,10.99348425313096
34.51915539866046,34.437478409704596,50.52590551988275,6.361650341415109
35.26194932873736,44.84391281836518,64.59064428460199,8.13433109980099
227.25556626290026,14.095915124208585,64.16800939683213,13.498306960394194
96.88225241647802,34.40833434970193,71.91894380369142,9.31032710972449
96.10971311054108,26.375632697590447,74.444478660203,8.00524018964285
190.24502786912228,41.27179312865043,60.60353553099733,14.820062246566328
218.8692221250235,17.017957609603243,55.74213037717258,12.911670840564138
227.1196264878892,35.111170923138374,54.22858838556172,16.524797997660734
177.59421564162867,40.21784666664867,51.95075905201149,12.154644137852419
97.30566575953198,43.955959103538206,47.129194893405675,9.843833423746071
34.977302585146575,34.782005792966565,57.15416885498191,6.671256424845366
182.6545784009513,28.250834216695797,54.61271876300357,13.23390123329972
136.0842647687529,32.4864381310626,79.11789198249754,14.328248555174353
107.51686576868126,41.298564955203005,64.73135068400154,11.150126822202301
210.1628485866693,30.82840210702292,57.324151773873865,13.733411078671224
40.873943982979625,11.866585795358974,65.53245955497809,4.445540722695367
122.07988470352392,43.47629921229492,49.99972388736848,9.675372300686607
19.61719097098352,35.00238896120779,60.730339971917545,5.615105494811545
116.9778506805495,34.54561984078135,67.14344811402145,9.81326742338528
29.18696739266317,18.370197849159872,62.30920367909429,5.457942503691194
42.49633437347251,33.92688000516627,59.24261378303221,6.152816720255362
42.22133793884563,24.62464063846096,80.08346328926937,6.058434310778519
155.41687332050992,33.658277494156366,76.08707962764223,12.022855166589572
176.03295479560862,14.541415363810474,67.04388972721229,13.335518422559057
141.3992100891853,33.89037019156656,65.14208311361635,11.440596419770335
222.04653557022996,45.879421774550394,66.94724888982536,18.861770977242248
97.0099463805966,12.492242564005517,52.18618619534965,7.957597061455642
78.02810316940815,45.09881386616823,59.008848562904014,10.073530243680697
202.1247543915361,25.082469421372757,46.48897555775966,13.912997320186793
64.80355402079147,41.36344610683779,61.8392205195363,9.00710402033033
222.27007864690614,38.261730490445395,64.21446535530974,14.296293709150433
19.7876876614619,30.702270760632036,53.11679071083298,4.843063879202202
223.68720220605636,36.71956724472156,79.03381542022609,17.28215111436382
26.38874525427765,41.63589620167731,77.11280230499091,6.976385745507327
206.92436890631933,24.985325289951255,70.51944188804788,12.849949965268477
129.54756612447324,22.27886397086968,63.87520933254076,9.930364439383975
228.60220509379903,34.23252783328182,75.72291441959851,18.071926842665597
32.91128863216642,39.155392562138175,49.69896250258589,7.801974653408575
135.1155771490412,37.55620823065921,72.92594475847595,11.90791456632147
223.56450983330618,38.80325907493807,49.49369265163306,16.999874529249862
128.56753102382467,26.08897434993395,73.05621532173907,10.131891272251359
151.1989700589974,39.50598098774326,54.80701840244777,10.902815382946432
165.324895884825,15.019337843508357,75.97358845184024,10.363184359499337
113.97179268905893,29.911567338425815,78.33028170265399,11.819240770856807
150.8071152498971,11.002128983484068,50.33761812306007,9.373327941475157
141.60051700842803,22.192962629499487,61.38618129830185,10.283661759962369
209.05654043353155,23.662799873986064,79.63075571132651,14.111883927026835
26.87553437469638,24.705661475484863,62.11594174625476,6.960798290781407
77.01706306418583,35.210898954814155,75.496872792512,10.50783941990301
219.54260495989934,24.438389354589134,65.82334957902246,16.956216408482465
206.73715959037608,26.549146154050824,58.31161275876998,13.998959639699235
114.20932266807829,19.137798993688893,55.15958115451063,9.023062144610112
149.22623007194716,23.901137886189836,52.25345280623027,9.379851798920155
76.25445385668314,18.777163916936615,71.91529633649495,8.605679437375992
57.25099490518879,13.369176924272372,58.70622584017058,4.205812403222153
115.9213904117222,31.981045627686363,63.09689626946644,10.472887572506705
92.42868934674665,34.254269229281064,62.4298568960416,8.198156000553428
141.46038621305067,32.54411114493747,65.42022182900622,11.046968034987708
33.74970420984528,27.068640937400087,75.56831552598423,5.068453183702257
224.64865455212683,24.130480884290964,79.62202489413671,14.630046053242355
227.16426749970745,41.10301109997106,59.446964141798354,16.118331064669466
165.83862891480373,29.019770658281253,74.22866605814187,12.130213037806074
131.33491639466322,27.619283904803556,72.01137837184606,11.602235689430746
83.09842950735919,11.700036509805892,65.28821909123619,5.525826715110751
190.45695969560936,22.777798749678087,78.75285945514004,13.596226475864944
162.9792666367209,24.14486621938358,52.15670294659978,12.824543165011958
51.82114638652736,24.798679609481205,48.94610020289868,5.536650919819066
211.13639757873906,31.16405015987936,75.15946123683085,14.458495228913907
192.31817901834268,29.52944939011343,60.55807354550794,13.549490735658386
219.41240153985063,32.1374687570499,74.91330366808853,16.862358234420004
171.70568333588184,37.6474024801287,76.5367752228786,14.074867550217894
147.79609521472966,39.33579942893488,47.29850729539132,11.7381405549302
106.24394242627277,36.00611997554995,76.19795965710934,10.920644963198859
215.77789410606943,44.33888172801821,60.880830749003664,15.338107343248943
201.58500207463695,11.439963651940294,63.06722361294897,13.165950451627804
26.827054865607725,17.671807297492467,67.156056390481,4.860261908541021
22.81352887046495,11.06545691173279,77.70866775689905,3.4935870186956235
97.34905080833677,33.52636246682656,45.772886523927696,8.29696071913082
189.7668041234522,42.32087226814454,61.88489008478716,14.071444312399352
227.39108793115167,19.346228609828103,69.30781589355573,15.225150911757419
49.22375611594116,43.338912522350356,70.53928491097764,9.434845258740708
143.69042929846958,12.915385399163586,69.4771415901062,9.228295089613168
98.29166337674448,43.59870454087354,49.83211655516589,10.729482657579382
223.69477529472903,23.141956322111167,55.63872471068318,12.524681872559164
196.48711873559236,14.3598710785675,57.726786494678876,11.830261043872746
195.68018123300124,27.854098747440027,73.41618971031858,14.006683797729535
116.98477372034918,19.81285752698983,54.91234750899227,8.019087971914454
105.51507204768892,20.79903885886349,52.51681472812555,7.46948740804371
75.40836561404736,21.58587776891266,78.80217027014098,6.837269906527567
29.202343236982383,38.986209013926484,45.41198763599411,6.5591705442880235
201.29939390470082,29.72456081130143,80.22329412000563,14.454562640358924
190.2666248437935,21.726900240375727,68.92410971978032,10.826272227297883
230.0398926426172,32.22271579421323,74.26211934060892,14.088808445729295
229.38398261303445,35.93688866523409,55.470602751386,15.565434874345678
135.4514101227994,20.369102425747034,45.60389777388051,10.179245290245834
180.9174206919307,25.315573463539835,71.07300705336586,10.251383679292601
218.34062389196893,15.078201876126858,74.46188981442378,13.414359002347979
198.08992947522088,17.15834216866728,71.16475984476386,12.517378031005627
69.86041086112678,34.70723667417089,50.12833011298952,9.354648590941668
113.12084640751891,17.168486004116506,71.62066286344532,8.420282366343638
44.698039485753284,29.23323476671381,72.16608193018897,6.984536074303753
220.31746370338197,35.68752378645738,68.28062615158593,16.09149522693402
146.25457967459235,14.551380000625509,72.06728083440463,8.078646120673062
65.87805329168721,30.71265890897451,74.87643467665617,8.630904465646672
160.2050757100069,19.805353707917867,66.69886482115854,11.54016295817159
148.79950239348602,44.598733320839045,48.21888593173271,13.372494810067451
93.45284266919175,27.772452199869356,62.26449890028582,12.621415037888568
41.37641137930102,39.09033849710805,47.8332565804405,4.850406610786078
160.17793334170702,30.112951629684787,59.44551469234156,13.933798773661769
127.9735095224176,12.323779903204153,59.43014841722209,8.532208915385382
181.62658560051761,33.02361328335018,47.423546513736504,13.619490443038641
127.94280938674339,44.194257311453654,57.378482795725674,11.918623611095807
198.6294414178172,31.91657488713622,49.007133077454284,13.679035887755525
134.70096597508797,39.55352896588033,73.54987939232461,11.591565854950165
136.62369413988372,41.83564686352911,78.45861851394938,12.913430499199094
203.83955200596165,18.80559999540753,47.64553992907944,11.508274701748746
103.10150221661934,18.242773880778756,78.72005529666788,9.304332772363967
45.73184213714141,32.24543270866981,63.49469629665343,6.364834898771867
23.327831787109865,25.227099290215335,55.64471186397636,3.6719264166161962
177.96872173291348,40.279131730621884,47.805545049720955,13.432447302706468
149.26390348315263,42.39081163127018,62.72197423607871,14.213865038868798
167.0985826283247,23.205090413525404,73.06694716607436,11.601442029074038
62.5400699852471,19.11415662000432,69.98944399978777,6.796661659468163
46.23348715242328,38.19644558505955,46.867955603531875,6.337721752482284
20.29655932069206,20.445691847739575,47.666144604950205,4.7706418928311844
91.8400912699245,39.67376257983011,59.281139548668826,10.430511351242815
142.7934755313514,25.673212703071574,55.4942253904876,12.665488387980892
100.70875720173302,34.23100146513061,53.279928171572884,9.348572624531956
110.33841089885192,14.153289515596853,54.99135836158672,8.700731468491922
209.69538605771902,32.697462296147705,73.38259256405034,15.320234923320674
91.34358892926065,26.65704552367674,77.80882748784126,10.084932330450545
126.62836224212373,31.38995705745914,59.35961484737034,9.938773727190778
184.03972641258935,16.697298691844708,76.9951072750639,13.156623648192497
101.62395835619843,36.66426844754079,56.416648683925445,9.681260440125829
149.64225847851426,41.08417742176732,61.870581919301465,12.763754127379977
200.79723359218204,18.407566983186225,53.05622072312319,13.033495276838563
219.352940776712,14.159580898757676,67.64475668458971,13.988740658829839
48.51194408979218,11.629714370226408,79.56013525415327,5.063542303473357
214.47050539688215,33.33319966555864,66.34295698072692,15.598417559185037
121.97155879663369,32.1090006667162,57.69505576079692,12.041497179281427
72.18023026884823,29.989079186263854,67.9031740988666,8.951432599661349
114.95000250312583,18.941343073670737,49.426807881981645,9.499325182659895
225.84893527827805,24.520800456283563,76.38079962534204,14.816603276025228
122.07839221108195,31.66611936503467,62.80855506745024,9.637461820178245
87.1912178302105,28.236516745956845,60.9171109197954,9.35685534273987
152.05104188403092,45.471271759542546,65.72244055356387,14.340174873756872
68.32700223787731,15.589035314741333,67.09239197018697,7.78977215852272
33.35130255433455,35.19957384707054,47.62650837917326,5.536072054038017
44.63849279477722,24.99158876046065,69.12812618706377,5.884097384165855
44.460959114109755,25.829806483889076,53.615995147106645,4.238864344511094
49.54008344876746,35.98768157460198,70.23113266423196,7.087923877122338
46.75630505705942,35.10450891148537,74.05322476232372,8.32590114982743
153.64223316860438,45.59308537894681,73.39933946584871,13.242911606413678
55.922269968577936,15.306639559839795,64.5480340527577,6.258217930668854
90.79256461965048,14.454248693384239,63.40998020933844,7.062749598509907
208.12625246898992,36.22429248121881,50.12923383914729,15.355383576575882
118.10643321196552,31.101380786924956,72.39218449419037,9.315612039358912
159.32304253112667,20.423039396249187,54.65361019172435,11.18673771964964
53.886900578826996,13.58761985151343,62.583678883191716,2.313644620855804
58.138332104366015,13.806604560834712,55.10644807104859,5.202809864560759
25.90092840313335,42.18609970071054,49.8107583775892,4.879398314064367
53.16627492806383,17.534543097627875,67.26043093058912,6.962971191324577
76.51188317990399,22.150341830254778,47.01248762576622,7.758285447300514
54.88553210251939,18.75563971816728,71.45231224124224,6.515557803733623
36.08476943687714,23.260370334700998,56.279055193191304,6.7768628363371635
42.883376957317914,13.236776880387877,45.10474119375788,3.421024838955004
115.29979971416732,29.01899866088029,63.09174570115049,11.676087963734963
61.12844864859322,13.173200982086744,46.74918718017163,6.2409178385021535
94.75305341713528,38.89251342456488,54.82116843529566,9.48677209480022
124.37753696499904,19.003294075056196,69.9855723584412,10.65453785010734
164.18505901519185,29.754418202618318,47.30667468108968,11.024534752231585
25.569554572169963,41.690775973407185,74.64471493093129,6.115935463040169
187.39447392773516,33.64579565355651,45.23446127758213,13.030402764054351
150.87999292261426,29.506818307951868,53.78820019590696,11.041467772780026
34.60649790191483,22.184114734349684,71.17982277655291,4.3157751813015155
203.18488907233285,22.488367148342746,56.2327092704716,14.755818420955675
213.25373407322303,34.29899212745647,48.686612059923675,14.80746375723544
30.20349765310049,45.69429157886297,57.78023394177506,7.587713687733703
76.14725129053967,34.030555563713186,54.6178436807353,7.732423628099328
188.84025246794275,30.378197949687873,74.76345895605152,12.15449829693844
176.50448808268087,36.44583290939754,56.12984669899704,13.86246198744516
56.48452502097274,27.128716991158505,72.87042300651545,5.082251434875021
61.77047093838563,12.910996225287562,76.49389949733786,5.8408671133093275
96.07351068428522,30.53661823731463,60.37037316909384,7.69642978249479
120.35494354716845,44.41264748613884,77.1299986636746,13.988887898476607
148.8264408588,16.953133276753853,58.381595499504385,11.215630002780195
95.74171386440455,35.01917166780537,79.0355602604518,9.97546785648128
115.67364106474719,17.85277247193288,48.24299126330017,9.79752580335132
176.33656272867677,29.607551725005152,69.28307818091415,12.316928895086903
25.00985389540829,14.19334338259986,62.48225422408389,4.462951496182171
70.94382545084201,26.608019862662296,58.74523795203878,7.58270845156782
169.0721268348212,37.34133284422313,67.37145813195075,13.79918887013606
207.78953574360474,22.99976050078827,69.87576962552845,15.3593217298764
126.13612742642532,34.13840152950135,45.25358709169088,11.358210368885022
130.4869610129857,38.72029362371949,50.976748723901395,11.704636050324284
40.01692121423832,43.34394146372878,70.19922098232801,6.084337190503058
112.4540928967135,19.03593707312642,68.55676655795287,7.937387388027911
130.59421602827442,24.815988644906714,79.10487218052944,10.470698175919257
68.82197022383394,16.149802067897653,71.88853021682756,6.587221696594664
74.5218838691232,45.63617092575896,78.56719931214309,8.730851547600993
97.52379832497417,43.337733974142765,69.8294256540252,13.01822850232191
21.473158006877945,29.75249527284764,55.5914377441084,6.677130237764402
85.77065435265867,40.35536863261238,48.80884526323015,9.902364806551258
62.21728068956436,29.08562500224868,72.62019998974174,7.543867395781666
86.92418627867804,32.687857648896866,67.77405259595224,8.758267160841482
42.69735786431858,13.928267567272183,46.79614763624403,3.511699142645793
206.79325806952363,37.309991759437956,57.773776399714436,15.303618125933129
143.57583336165695,15.282743275596744,78.77935350504687,10.54040560588621
161.78088374586181,39.79497382186374,62.71412032899909,12.081063400577822
185.2145566995023,38.249185877230545,60.3320655878936,14.62646415170094
123.3183441519963,35.67693889077847,61.211026101607146,10.802572569885056
35.7053293338125,12.06922935641915,52.45267188498176,2.133435282154785
131.54998275316882,21.439805293681033,58.07849241444079,9.022664504535857
142.13847402664516,20.035251203870583,58.117426610748616,9.859191820512644
175.90406405384385,23.44078790225032,46.94289671059903,13.965827584469396
109.10031739229875,13.876260411410733,72.11838052383072,8.841562645766384
44.361846465175525,43.687219588390306,59.76095600301654,6.446551833058247
77.61589034454845,30.238458649004404,74.04073201593809,8.871491311864261
94.50022090326942,21.523903304096628,75.03224963942031,6.8307423794231745
154.7157806794979,24.73405124930735,52.56219072539277,12.343129027300558
138.71870106401133,26.49680917171973,68.23884257238852,10.479268170002431
93.01299294365147,31.880861100957663,61.72431950653696,8.97958595866991
227.22909646802538,28.90034791214707,76.08151717483628,17.098916605654892
146.16945904108127,43.07065825982605,52.694071907011185,11.382256647592643
67.70558396059323,28.24341824999464,68.95902465091356,6.1916833309344055
38.869488420883954,45.62474632029827,66.49287470329583,7.252207220793937
49.74371073234428,40.685016016852856,55.49461201052851,8.703958229532388
69.56440037306179,18.118719053942485,49.908351808521275,4.768912884740922
51.4090643669594,43.46389203400146,68.03771956880013,5.445441215013549
56.920119420522994,14.884460565780211,71.09863052625803,5.305265779720333
77.89676141492005,39.492484768040825,56.21008250046992,9.520028997470405
54.111238438253295,24.159877601027958,67.79810766158545,7.677773584985999
208.1213589029659,41.61689864762194,59.008607947924915,15.284768606783588
34.28176445136363,41.2687898227715,70.20488229154815,6.833638243560293
128.86847483950723,39.087981544128496,52.11237767627067,12.548370184169373
104.57348446609895,38.53006831437785,76.43556809279333,8.740650716903179
226.3484075398423,21.49423778234123,55.216817795588405,14.182659735954998
41.05308227157835,13.640266835098952,58.04606676901658,4.768026022394202
101.9034570368384,24.944604274657166,47.144836713228315,8.981748734857238
223.60025524432604,16.890710476026456,49.02522987370893,13.339781714102244
201.4664671028284,35.1927832204764,63.25833897547395,14.892209468404381
191.1546439051017,22.94810040147627,54.5192622208246,10.454600126406214
72.1075118778677,45.04391805018301,74.50890394612524,8.941697065500342
53.581967355345014,33.29811991482115,45.61720728065438,7.3747632174169215
159.55414152191136,39.669067783566064,58.444110513252156,12.13120203046254
215.064148085263,15.45161601323888,56.97456324627206,13.496844492102078
135.73481992266565,41.056708327769044,45.78033260829956,12.254890981878876
138.89634158814167,43.18877738702014,49.47776764481796,11.910700970147692
76.8075490402745,27.895873350544647,59.66022215713596,7.99363300120748
181.02504547656335,32.0794781150593,62.44883337255012,12.545444187500486
57.02161406789672,37.644824011695135,59.33099910337139,7.595571806935731
86.11130943046348,16.93683581684048,63.7890062801057,7.885245348398557
107.77541778143514,28.440069283866826,66.04863495667999,9.710723477560474
125.27024962192048,24.79307227480819,45.449318503699814,9.065274809086905
68.80903203117059,15.937727124894945,61.43614961276334,6.487163710594084
41.64875998697643,23.70045822243275,79.0151732792431,6.747397077813576
147.20100703582358,13.192848059430824,63.36993626056011,7.896792604367985
78.64944478485046,11.705997933926994,68.94948781455516,7.641135853882224
140.94561734087415,15.544336749334278,56.077607798674286,9.387011959269548
50.063822081877674,44.605340416779995,72.34449651097724,8.836105009231659
119.63472768489065,30.08848670991509,72.30683616203925,11.633968702122056
130.58829019023264,44.70035785647802,63.44962087742569,10.896769015477481
28.233230989494686,25.980675529387632,79.45568657942832,4.889401831574519
88.8630508274857,21.744746271292613,49.5193675596454,7.319465823820749
45.81688472030761,28.565579385692565,45.696557804113255,5.277579809542475
30.692531213652252,26.22686027101514,72.20956905384978,7.336440544697931
227.96253347581933,14.508830417587212,73.51187491524387,13.462475120027774
85.82913359511852,33.293003645626236,49.33129446504429,8.05183615413257
189.62226952245175,18.382940206086946,54.448515720142936,12.612766842737118
71.41299539920533,32.54753721691382,45.71784319050534,6.537610829385667
162.29192956147455,33.62205834317518,55.42446309947588,12.189610862624502
179.05251137051425,16.13607234481555,72.31459396193723,12.329977943496187
144.01148787541004,12.953371911584453,63.332210575482776,9.429695392056091
117.59857054232872,38.204731671002236,57.35296487952374,10.754074132907187
104.88093062195348,26.938994874303138,58.18522318070283,8.572318369693674
91.47405394700371,12.8415492222422,45.14764762518448,5.246340262897327
215.0967548103621,45.71980773265882,55.652978570296305,16.76147129652915
194.03887191800752,12.82809769097247,67.85534770565515,14.096793390757968
222.65422928090052,35.195736532935214,79.39164442233576,16.2585196365687
43.66287888007247,45.32713027674582,74.91654110983326,8.43945191112242
172.80168547085586,19.19522165797899,45.93054275552262,12.170940049568005
216.97268325719895,15.792952840920584,76.72933328455434,12.693185616096395
55.78451978666905,15.060611373727255,72.66858414811163,7.451173467798017
31.357055322386927,21.444957679622604,72.56923954969851,5.366062121498379
174.98458623385358,14.3467079664737,61.221450716925716,13.04018602176767
139.50532579600323,35.09486309346403,59.1097863119985,10.933915329862545
196.42534657183612,12.9864421143652,55.76263365492838,14.053226135684717
46.95753898373704,28.680716698057616,47.41245903519368,6.939353293731271
186.5124106949706,45.78405957023948,53.13388479497821,15.519744273524402
60.12645643816481,39.37035645966125,53.78044795122646,8.252991881252044
52.04235023610849,32.39420228190848,62.1395128537991,6.835799378997805
52.1721883795084,21.54950208961007,71.41004311220362,7.392292148654372
190.62295793726125,32.698743853836504,61.77810595960772,14.176944271286914
158.820488286221,29.29915538329897,47.13612462054005,9.8465927414646
128.5606289333455,25.755526774552038,78.81420099478478,9.462681682311173
93.59501006989369,15.387934223581002,78.28389603211275,7.598376094302292
203.95599513911074,41.91980795494038,72.73867191882397,16.15455297399161
100.75156337027907,26.58744117362842,79.99474213506056,9.239628639678111
191.05402066349876,17.631250164908852,64.26577811456926,13.820112401750874
110.69182203459951,23.70835321579286,78.98944592891286,7.534113477848894
97.45146902456283,25.335954313765335,47.76129742970963,8.504982767704028
115.70452636905921,39.846580134397286,57.97196233880027,9.11134435328154
81.36334940954585,36.54986475770521,53.033420633838155,9.543534654408745
176.36603703952386,37.80260176681102,51.99332456152631,13.543969805445819
124.22917105068882,11.187197381445518,50.0562638010222,8.750913538723555
66.6380827967574,25.407005336109627,67.00896018312308,6.348900916521529
208.7194266501556,27.695179722399857,72.60252932230514,15.937004822851621
98.93044103035672,11.47364891648929,65.45610365959669,8.444733680417551
132.92240413116818,19.919443626950702,50.27308737750498,10.227070619815468
210.18791242435205,37.48617279158694,73.65155670165817,15.60152678754602
150.1002693300889,15.612550671087867,67.48560569216323,10.995837932751629
42.08759286681071,29.589385613985964,58.763432855670246,5.531694293865189
217.29025911730884,18.353585707805035,68.82938640286942,14.932014913724046
150.83904449890485,11.225439190000655,54.248655269347715,11.398950143656183
88.50140536049364,19.266171161743905,57.25076573899621,8.567313258958183
46.85102427003515,45.05316879734288,77.39550167824606,7.666175656993556
186.247962795646,38.933952627092935,55.325758599634,14.673725891757378
149.2134897371805,44.48114021566826,61.64358703915937,11.848518705450392
130.77386648175886,27.92367694181532,76.43296803633972,11.432110690171948
207.5097309315489,14.651740573580373,70.01179152941697,13.69149984738636
185.0923462697026,30.03337806297662,47.28955356099754,11.333929851470579
49.491581895102726,26.748644443054623,50.28506715861975,4.99336103832063
83.56562823367223,40.436933604160515,45.37602399517147,8.846356355259326
70.10333786649976,14.242698585526986,67.30844701606655,5.974745945058192
175.58616568872293,27.937263909464413,60.85810457444673,11.580719831452715
24.33905535524743,16.066708130758848,49.8264747517601,4.209131805225642
138.5295139091033,22.196125033841106,78.81928106119832,10.973947429003754
179.527454194193,36.68123341631176,63.74402228288582,13.725107365020024
203.86340406657646,27.508236340843702,53.6146439527737,13.260495216310307
90.0292043016167,23.9936788086165,62.7212457046457,9.203960136451963
192.04568016467152,24.64611737780824,69.02263571227579,15.102755573348212
40.75349679776362,26.92658157105013,47.78362047266947,5.202443922600047
197.40969291027892,38.354080688680696,54.7695742896858,14.189117283020913
44.34233621047906,42.11217258180223,73.50518527911657,8.389645439698505
101.7824641603022,44.33224749628788,61.28020343817367,10.389922646660386
186.94418337446695,38.420308857560855,64.33951539953678,14.336633161806935
49.11742028255394,21.870782040755245,60.33512327777332,6.589304835483359
66.00762204502938,34.95352818363763,46.64527798103378,5.819283392728615
170.9675718108838,26.159869654344256,50.934392249669486,13.501355725824677
170.49577863065923,19.738938833816395,60.78306568371456,11.787024652918234
153.70033104127978,40.31459243784988,52.46332838235906,12.35424921893398
164.9416238270456,12.148764848577608,46.85926180882069,10.309908758165005
132.74603398870323,42.45184592395336,74.7964681746242,12.3408450103435
70.80801964129024,26.997859008328167,79.63797702657688,6.101745119983941
90.79867701698446,33.165771835970645,73.01862916468522,10.811821845193228
55.862153907023526,33.94332266942297,75.15322924400428,7.731830179444178
210.60912450792947,42.218632698799425,53.61759498716,16.267673525466993
141.40411310570704,33.147105844068975,78.91406953806464,12.914747401027586
102.54126662897893,32.34906882507816,52.03178479676068,8.381443452331677
115.56103559583586,13.139486623680218,78.5903293247365,9.137278927689774
218.87662300335546,28.99612157027666,80.11763914760147,15.178154999248678
49.848513723413475,16.070931928678164,70.15264276226091,6.349342509500203
142.00833123637614,36.683925282124136,79.63625935907213,10.234306856861167
124.90369973450281,28.778989420524873,65.14780024076205,10.3269456333516
147.3786067240365,34.6759950502132,54.23587076779838,11.318426600795153
21.055658135456945,12.262718811143689,60.482255175429856,3.920962842029969
202.87518021420985,13.776199763207693,65.99334492533326,13.31129007290613
215.64798234076108,35.94295092100015,47.67247098335093,14.622517733983061
137.51685478614257,13.330160193553436,67.00648291452706,8.836814552776971
165.51696040339036,13.301111144560577,79.63745985403276,11.0880429631489
213.60011825264624,11.22500748074455,51.79178927238721,11.941700218839303
167.77110524532256,44.37319908031175,72.99934809335109,15.127845827616454
49.67556223644624,36.68654341701114,77.0580375410426,7.324386003896832
139.89179187951453,23.19912443842245,78.31829606727177,7.973879739841765
146.36963337491002,21.208398903196695,78.89677327507174,10.6424349679448
107.49741992027799,23.074583364079317,63.45537928299581,7.912893097237775
173.9889777645035,37.99033894445948,79.50123836130092,12.457231734436196
216.12673744432325,34.01410844857154,71.75731929113225,14.40546746467339
214.25353639785268,17.300364432148125,50.79083455554106,13.567938426051239
113.18370217193973,16.91123767022636,61.88688374767254,9.916687378821305
41.30837995949679,14.253687304940247,70.38525737309453,5.2116773497957345
226.87269125908102,33.97662546151697,53.806379116831735,15.210921303226643
195.80140260433936,37.62948044398293,67.64965446092083,15.361915459004381
43.74068482817551,20.10312963420764,68.564336862441,5.109543631859368
213.24723680923856,11.53516813218504,50.82703098206152,12.137818904158518
202.4009354830271,13.6842255284226,64.99100299833702,11.63392671872737
127.66062236214076,44.77188722306056,72.26126726644699,10.553616378990315
143.08254027009542,21.17011168945745,62.661127391665154,10.134437023724375
102.14767565395074,37.79973248911848,45.52602971051898,9.955931115739899
28.858752905210473,32.72569126678465,45.418154111591086,5.527246184155921
88.56349274641231,24.206081351816643,57.66743290774443,7.58616450270981
188.12749920651663,18.019622903063983,77.70203120879873,11.816631814111425
18.18615769767995,15.060663277395165,53.14942264204703,4.0866088571494235
88.2019736530446,32.386955178164214,67.42960184828338,7.680254317487735
101.97011486551183,37.989645700386355,52.91707064840489,10.731839640125798
131.61152386548378,33.401039299293686,56.42278363601611,10.046918776997156
213.0372607342767,29.413604877045454,74.95108155397223,14.33980991814479
90.93706220051315,12.272487942450434,70.75592276790212,5.722435169013067
91.06633668370688,44.79395609356287,48.458054561425016,9.500471387884495
174.21401572256542,38.834868127075566,60.190311138722464,14.773306280088256
113.47719961543994,21.078053488203864,46.12677568031331,9.219828931642606
65.01836680392216,45.19695856049566,62.02733316042591,9.989582971482227
113.52437298465043,31.926043796234904,68.41767721187759,10.759319119027499
47.188459638859385,31.24303530307435,49.27129235065494,5.365482530733134
54.752789427174946,37.05736859797658,55.26874984960263,7.2179621038209
123.30249881623524,39.29311956196382,59.10384921767592,10.4963147522442
106.38922819951826,33.842399117335745,77.46749206789295,11.583626067106387
211.9706923373985,15.29616069745362,80.06257654288834,12.532613571046744
94.3536611219312,22.673189460406892,46.68087772464568,8.812317246019274
140.80725977419544,43.37573577544434,71.8874789070378,13.708640014503732
151.809066898068,18.6840079757192,58.18468713736248,12.452168086938658
19.98780980765623,23.863062536696717,58.914528155277694,4.1543007145285396
158.46710650235767,25.96589859134128,71.6501270618152,12.66526988506848
55.10385734657008,26.22311513827527,77.42861041151838,9.207728425925243
221.811870589247,32.31417934555785,78.5726865264897,15.275823517614233
48.85029473863775,43.901961904839226,65.4147150285489,6.605964980454429
105.47347594148336,19.248314185320922,57.6706648073777,6.471908477846052
35.37094433394328,15.064698308162225,72.82172782222904,5.444163632819299
229.43452821800219,17.731214194083798,53.93524869083297,12.440402596066566
124.11731769952155,41.931063997345355,64.95540581493982,11.325761348071486
143.9574701874373,33.467959524197724,57.72196184567554,12.13642188574411
31.48058203599621,20.83532830229452,68.21341379451724,5.207005744749522
176.86658414798495,39.439737557798466,53.562041733851444,14.283988662040297
61.88890077005021,41.034086872356596,51.84407168986587,8.457025015336342
208.39575822192796,40.51265328802876,77.42201585097538,17.298359370232177
60.874229458619325,43.05432133074835,48.6834896398237,7.37049701806348
57.79741572929461,19.65365980808499,62.90971835226959,5.43643599586009
24.9814242848594,37.301971698994365,52.87401796029791,5.264089298077542
117.70305261391884,26.96493635432231,46.47033470906349,10.341244772172054
137.45467727161105,40.35414920644116,46.36786240385821,12.735904620696896
31.189369334296217,36.37002276837262,51.26780637812512,6.673052190433084
182.30982959436776,38.05330537214033,75.61031647861121,15.616522013394574
113.70519291785509,33.83128050260561,55.04325178799134,8.991211864536762
128.8426883398418,17.02774980838671,78.5561628042504,11.383256765466905
111.03838882314878,29.930444853282534,65.5731047132196,11.379664642462343
102.52245566035691,45.36190785731023,60.468819479860564,11.607311955591827
136.3474265355196,43.70232113404887,65.5191269803648,14.279784888559226
50.25064835864869,12.31539812647511,63.287783159964626,3.353204686101464
55.93249898244322,16.585000032103242,71.80892413225784,5.36685529871499
200.6741587137778,15.423679948255124,55.0438615222444,11.94164970027734
218.6279818882504,36.28189484048387,57.52737378433064,16.431615377904865
96.67755343595941,39.50426507797877,76.57211944917043,9.265605828977112
74.8415409122626,18.294248957504585,78.41526926289427,7.897302475958961
154.30750275558646,28.555429522609195,76.51804960752389,13.471815226187433
104.21950502678473,40.308676283193115,59.864569387297436,11.134337167488496
22.60475512008742,36.52133422129539,72.56886570584223,6.517499515912256
50.44488797926192,29.832525912763874,61.86701781219868,5.754964005582709
169.63048752161092,31.521203935102925,62.6134027955428,12.03906185937633
157.48490723267122,28.643455196761426,52.304739838816396,13.0343045833827
22.968736803991636,21.243950641290603,65.90778667469978,5.37033664172797
64.45787327552493,30.632271949351463,51.651983600917845,7.280141011352207
66.3958241936004,34.97987410195818,56.77107740716522,7.535290622253251
160.24596511216927,41.453634346714345,75.19706309702171,11.635795079108956
21.39637348790413,33.133826524671605,52.38906848422211,4.360130277862371
39.364717104515776,37.51536595021484,47.604771638104836,8.583286970149093
187.502134575952,16.418514386905514,47.529067259971136,10.687083941685108
55.21215855136762,27.000667352134624,78.21561512170939,7.2144667864371135
156.16964636166412,11.127539855930975,62.943599416256575,11.187552265196633
67.90911408484807,19.458428144708968,59.511304927959046,5.276601949270189
38.37107251846459,36.298806200466466,73.64292605147872,7.206003241780534
68.97135946378377,45.61252929236265,74.52107266245017,10.438157893185112
170.97062979206981,14.281151295511279,56.793124365669286,11.125008428375255
199.37777805982822,24.892450486731214,69.5153556230776,16.716844119792853
193.9538091663125,38.8824910013405,72.2435231179864,13.362210761931209
101.76037345576904,17.96165077547435,68.1437041776816,9.305786363773398
159.43532557589057,30.283481720510245,50.4361466329635,11.83603564610836
60.84115649402828,36.530802490641584,75.93108453980041,8.985679919398256
79.61115177256973,32.42108930413228,64.0761282563075,8.94549623586711
208.02989576314638,17.399668185001104,55.04302940822413,12.509165997711918
19.9681095154357,23.273998360869452,60.06803212740682,4.756162346866207
35.40476621891625,38.311091635437435,46.42250238204154,4.6718960707321
61.45898372058922,30.25335064603378,49.6009114030291,7.693549979264815
22.848706204736217,10.983559435356238,72.0472456181583,3.979894632126127
55.82760413061784,37.510775676986086,45.10040954338889,8.08312613374038
141.32954833044747,12.039428558402392,59.763117162576684,10.523800940701298
106.92128682114281,36.975255773866245,63.492358374212714,10.68105692613773
207.24980728828794,17.907067661799832,47.023131584034225,13.241749182073344
191.23373429411407,44.428379152190246,79.35235133662611,14.71050331999596
89.9729141764778,23.714720370703162,53.059611659988455,7.219089215444924
72.43124897752217,22.275299733466575,55.80779493119709,8.151982941024038
98.03651369881113,16.025970566668807,55.798776431376965,9.056733675940956
142.87379326140257,21.526707963706542,53.210666506530714,10.122463353259345
74.27074913119036,41.57044174016984,45.151878537438165,8.81962194857854
150.08130248108063,45.771335250716376,70.77293675189748,12.592043009169853
104.3637407515151,23.727664520790377,79.13296159293483,10.346369566780934
134.7308448033866,26.54623314650444,52.995130611633584,11.116484990744226
110.05133805290893,36.144689930916066,68.43926115148047,12.427038555230412
79.89176020647427,41.90547189432411,71.21475070894677,8.731107136755323
219.12570905224314,31.61585612995612,74.96457334398647,15.239154633469282
179.77167357661307,24.54255200604181,59.97654773487904,12.873815756657988
47.03009512067774,25.283026613786692,55.76316787854311,6.641560312709189
202.09683206866563,35.21619694203792,56.550388717610694,14.541801434441657
120.97410210732146,10.912961052510182,70.18427092506765,7.670725538664743
207.65016910575207,32.547585744840404,73.85063722099838,15.995687303115185
187.4891839911834,23.277804666491644,51.49281166503241,13.453231262054565
107.7279551014998,38.67632632782565,58.157123487153335,9.500898757036897
21.983715741352995,14.06397145779194,76.84829492557009,5.397991632463741
74.40140981305503,31.445899569888503,73.49561189325482,9.504771394703305
132.51392430129857,27.68214843500294,79.76701577723915,11.123547871357799
152.06751300098674,33.34562595927348,71.64953874080925,12.450526883168907
72.10428822872876,13.07636116635219,58.94047107618286,6.645717720711222
46.86890817010426,31.157430938727405,65.89045175661124,5.91529446725392
194.95664741457077,30.50810903737928,68.36770174950567,14.196028788620662
226.77922427178623,30.479169314007596,47.86164473436276,13.191727495068147
129.1194398122418,31.98241709753556,64.26629296045604,11.815995205077702
53.75051995710382,34.544024596645315,70.06809316223585,5.981797098322581
75.17422981597365,39.05511388879501,50.989709900837326,10.18743690612393
21.115375036955665,20.270707276500325,72.57823645337962,4.204284114598957
211.85421591673023,39.75923429732018,65.64880187409673,15.669943281119288
42.269205547311046,28.28877444744722,78.61820685655533,5.8869679531568755
139.94035763698457,13.504745597615024,46.59326489688259,8.991318865626306
75.54635648430616,12.85513761646367,54.439480041952436,7.570152531848761
135.1844967356124,22.531764986231735,66.2746965513538,7.85008660989579
155.88740068011188,38.34988389661251,55.53890890964876,14.017101987948008
193.85203000926322,35.63960080940614,70.24773057530773,14.999539674011638
61.14708875783242,38.48038526000146,71.81698594477197,7.134711034929991
19.541011921390492,28.956143881100488,48.708561935139905,3.771523829833134
46.34295064164907,26.25098482823772,63.18767714007822,7.882392584915992
208.81396884946156,15.975583687390566,63.012947556805166,12.353008882405506
203.25119751305948,22.319565651686837,58.09868311158704,12.403139592457439
144.38924945205864,26.034079752703022,77.93895516245246,12.518964093487014
145.0500395863248,13.909875081754565,74.22822245953739,10.46660681296836
158.78630801089778,18.543479540163514,69.64177024321921,10.248573182889226
54.53654521893242,31.79770782163723,70.24429757787192,7.5281089700724015
211.87830328742393,36.62177530979556,61.35240826222179,14.457388176954911
106.35624474952238,45.841997649892534,77.51900714259946,12.553213543739966
98.77019266431802,43.552277930158866,69.54975903931565,11.746103571891233
127.67757945471612,33.35403850368522,70.76013337028473,11.666491689331966
27.199054326409218,25.585806670621928,75.43151981331455,5.788824840895961
52.6017292081693,33.12982550125896,54.747319944845124,8.799203534298638
174.32735693717427,38.376371794616134,73.50889581610795,14.023869270030714
34.827836401259425,14.953600301410894,51.97246922406852,3.09432710926463
145.61108410539404,25.18766162833972,57.25603671902005,11.39391501531638
69.43482545115323,40.27706022581016,56.913487990298464,10.72376410448176
100.0810362295368,24.27253661284984,79.54409648729774,8.007427909321928
78.662896558482,30.872716720074244,75.25011027592703,8.163955938756079
92.92272133538768,31.430704566263156,69.78117912797714,9.601276144056696
170.28487321372586,17.27511648499074,70.69239800886173,11.601698420356863
80.45721325617396,23.51446400199532,64.8849623629705,6.689702729890326
137.7875479192094,22.541346234841818,78.43759148221987,11.834121705319518
118.55113062818832,11.719504469475474,62.568308101459124,10.670913862403404
158.49559110570777,11.64913091258657,58.49422338742029,10.45570857331636
216.65105150224096,39.992566233019645,50.838843859992004,14.944517785877853
173.1645994960623,20.384785430045717,72.77443895958925,10.603236771945998
62.96080660197211,28.98456469498242,70.95242640906082,7.723521308999246
23.838889454547505,21.285267632965933,58.62929735604955,5.596934526461218
73.03601503143275,43.81784150354845,45.98680817136488,9.428488811849162
143.89209144608427,19.901316236188656,74.63270593567398,10.674986473717706
28.148555690796897,25.88095412713662,45.50191301758339,4.3162898058158685
122.87637402914322,41.43283179200952,69.87023224294259,10.592342892798875
144.2678425344057,40.35186819439248,79.2530502623572,13.66839127773156
88.36052435493096,17.332159766404335,60.50567875081676,8.275127390788903
181.3272081774855,38.972780173829435,53.371063855857535,12.485329916683634
39.894768092180016,26.88235972450003,69.91145955352704,7.671042546310229
33.19683373155368,27.752207410195965,73.86291059894859,6.486391860470254
172.23138619574715,15.485147031799627,64.33434712594023,12.846365600631918
122.69010122029965,13.629113132875077,79.13964168901634,7.738081459597701
163.760870199465,36.350669674779155,46.91873900236023,11.395661102082933
109.77474038873758,28.22578644767102,62.86880506031939,9.419722455643072
69.65899287660584,26.1334596617928,70.38957894575375,8.006871615819842
191.5868834328371,36.40573882569912,75.4649445844511,16.525577768827752
187.39564063249568,37.66950275458795,51.40979753915421,14.871007171681796
165.10087864490745,16.37767668519431,73.26012255808158,11.115332775114403
75.13969971625906,32.21890274666521,64.5552890652928,7.243611834119438
142.86010897642865,15.550928287946762,59.058689606046705,11.109272642456194
94.05134265853171,37.1732655196195,49.736369005984095,8.449915639257503
36.69782341124041,33.85912598497659,75.55841071359372,8.360440538103877
212.49606021591148,44.377173200029375,50.63601692792598,15.790856019750523
46.32868652264688,13.220426374110383,56.00453264416029,6.34914968904444
219.50553262844883,12.802620712409027,55.30960272507778,14.04066204722418
112.15462906274878,20.704766321731324,75.77377400351807,9.056688075938474
